Model,Annual Return (%),Annual Vol (%),Sharpe Ratio,Max Drawdown (%),Calmar Ratio,Directional Acc.,DA p-value,Win Rate (%),Turnover,Sharpe CI Lower (95%),Sharpe CI Upper (95%),Max Drawdown CI Lower (95%),Max Drawdown CI Upper (95%),Calmar CI Lower (95%),Calmar CI Upper (95%),DA CI Lower (95%),DA CI Upper (95%),DA Bootstrap p-value,DA Bootstrap Sig. (5%),Block Length,N Bootstrap
GRU,6.306,2.64,2.3886,-0.005,1261.2376,100.0,0.0312,2.86,0.0143,0.0,3.8743,-0.01,0.0,0.0,3339.4386,50.0,100.0,0.149,False,10,2000
BiLSTM,5.179,2.652,1.953,-0.48,10.7986,83.33,0.2188,2.38,0.019,0.0,3.4432,-0.497,0.0,0.0,2599.0682,50.0,100.0,0.217,False,10,2000
CNN LSTM,4.654,2.653,1.7541,-0.693,6.7133,83.33,0.2188,2.38,0.019,0.0,3.076,-0.708,0.0,0.0,1184.6444,50.0,100.0,0.199,False,10,2000
TCN,2.695,2.671,1.009,-1.515,1.7796,83.33,0.2188,2.38,0.019,-0.1037,2.8431,-3.019,0.0,-0.2441,1184.6444,50.0,100.0,0.199,False,10,2000
ARIMA,1.043,2.675,0.39,-1.515,0.6889,66.67,0.6875,1.9,0.0238,-0.8697,2.7534,-3.139,0.0,-1.0081,1073.138,25.0,100.0,0.707,False,10,2000
Transformer,-0.571,2.68,-0.2132,-1.462,-0.3908,50.0,1.0,1.43,0.0286,-2.0666,0.9626,-4.31,0.0,-1.2,2.8559,20.0,77.84,1.0,False,10,2000
Gradient Boosting,-1.189,4.889,-0.2431,-4.408,-0.2696,50.0,1.0,1.44,0.0191,-1.3075,1.4704,-9.412,0.0,-1.2057,224.0437,20.0,100.0,1.0,False,10,2000
XGBoost,-1.189,4.889,-0.2431,-4.408,-0.2696,50.0,1.0,1.44,0.0191,-1.3075,1.4704,-9.412,0.0,-1.2057,224.0437,20.0,100.0,1.0,False,10,2000
Random Forest,-2.309,4.887,-0.4725,-4.408,-0.5238,33.33,0.6875,0.96,0.0191,-1.5369,1.014,-9.668,0.0,-1.2057,3.0257,0.0,60.0,0.329,False,10,2000
SVR,-2.309,4.887,-0.4725,-4.408,-0.5238,33.33,0.6875,0.96,0.0191,-1.5369,1.014,-9.668,0.0,-1.2057,3.0257,0.0,60.0,0.329,False,10,2000
LSTM,-2.405,2.678,-0.8982,-3.65,-0.659,50.0,1.0,1.43,0.0143,-3.2124,2.7534,-10.959,0.0,-1.2,1073.138,0.0,100.0,1.0,False,10,2000
Decision Tree,-4.562,4.882,-0.9344,-4.408,-1.0347,16.67,0.2188,0.48,0.0144,-3.0565,0.4337,-12.158,0.0,-1.2057,0.6323,0.0,50.0,0.208,False,10,2000
