,stable,normal,volatile
ARIMA,2.5647407442062,2.3555942039500244,0.25694553031724193
BiLSTM,-1.2302475598578706,-0.42773648038989076,0.8191127799891095
CNN_LSTM,1.5002874671517252,1.732493705712315,-0.1071884392519236
Decision_Tree,3.0299641690692196,1.338071860604234,-0.28673780673876503
GRU,1.29994921775855,2.4196477811409425,-0.756435043558328
Gradient_Boosting,0.9647743969063471,-0.4575295628676996,-0.7188510437107857
LSTM,-0.009760888222421327,1.5708685380389111,0.4705890715758467
Random_Forest,2.6547560805259454,1.2865418062831724,-0.5329622610161736
SVR,0.06530936564934604,-2.521985458124284,0.3001036503421349
TCN,0.05804267320942691,0.6807648139055986,1.1576837674407603
Transformer,0.8711899200875328,-0.4167105446799045,-0.6803972103161203
XGBoost,2.209767839035663,0.24243937808676375,-0.44153122531137795
