Model,Annual Return (%),Annual Vol (%),Sharpe Ratio,Max Drawdown (%),Calmar Ratio,Directional Acc.,Win Rate (%),Turnover,N Roll Days,Sharpe CI Lower (95%),Sharpe CI Upper (95%),Max Drawdown CI Lower (95%),Max Drawdown CI Upper (95%),Calmar CI Lower (95%),Calmar CI Upper (95%),DA CI Lower (95%),DA CI Upper (95%),DA Bootstrap p-value,DA Bootstrap Sig. (5%),DA Bootstrap p Holm,DA Bootstrap Sig. Holm (5%),Block Length,N Bootstrap,Alpha (daily),Beta,Alpha t-stat (HAC),Alpha p-value,Alpha p Holm,Alpha Sig. Holm (5%)
Random Forest,22.012,11.19,1.9672,-3.498,6.293,53.03,16.67,0.0452,4,0.4246,3.1884,-5.633,-1.904,0.5759,15.2061,43.33,63.16,0.43,False,1.0,False,10,2000,0.0007240998937679554,0.13725279964406487,1.904110155210076,0.05689583940216455,1.0,False
CNN LSTM,21.703,11.193,1.939,-2.639,8.2231,54.55,17.14,0.0452,4,0.3155,3.0053,-5.907,-1.904,0.4591,15.1419,44.07,63.41,0.428,False,1.0,False,10,2000,0.0007451089314191985,0.10667202547155781,1.9875088344726803,0.04686603787749822,1.0,False
ARMA,21.117,11.195,1.8863,-4.986,4.2354,53.03,16.67,0.1976,4,-0.0324,3.0036,-7.754,-1.989,-0.0389,15.247,42.86,63.42,0.673,False,1.0,False,10,2000,0.000753560083865527,0.07754558390117273,1.9879553412324182,0.04681662931273577,1.0,False
Decision Tree,20.795,11.199,1.8568,-3.498,5.9451,50.0,15.71,0.031,4,0.3584,3.1691,-5.765,-1.904,0.5772,15.0659,40.24,62.03,0.708,False,1.0,False,10,2000,0.0006692397916010533,0.14329201754474286,1.7394742228025246,0.08195138254080517,1.0,False
GRU,19.258,11.203,1.719,-3.204,6.0108,53.03,16.67,0.0881,4,0.1543,2.7158,-5.823,-1.811,0.2765,14.3984,43.75,62.0,0.635,False,1.0,False,10,2000,0.0006715880024510447,0.08509161007179399,1.8930664662937269,0.05834903097543057,1.0,False
Gradient Boosting,13.62,11.249,1.2108,-5.869,2.3205,53.03,16.67,0.1976,4,-0.3987,2.8811,-9.592,-1.643,-0.4903,13.1731,45.95,66.0,0.286,False,1.0,False,10,2000,0.0004462724148159347,0.08654928027938388,1.2479100758355366,0.21206399033461265,1.0,False
XGBoost,12.28,11.249,1.0917,-5.653,2.1723,53.03,16.67,0.1738,4,-0.764,2.5649,-10.632,-2.584,-0.7715,8.9078,42.86,64.41,0.506,False,1.0,False,10,2000,0.0004080992729835921,0.07278487718226938,1.0174120591687932,0.3089574476610918,1.0,False
BiLSTM,9.912,11.262,0.8802,-5.875,1.6873,57.58,18.1,0.0738,4,-1.5873,2.0908,-14.132,-3.424,-1.1362,5.9391,43.75,66.13,0.377,False,1.0,False,10,2000,0.00035933458956927263,0.0312530082352234,0.7961669990818332,0.42593497606929,1.0,False
Transformer,8.918,11.264,0.7917,-6.962,1.281,59.09,18.57,0.131,4,-1.4431,2.249,-16.453,-2.027,-1.0597,10.3025,49.99,69.24,0.089,False,1.0,False,10,2000,0.000306054512638819,0.04393270303063257,0.7104751478668562,0.47740953692024723,1.0,False
LSTM,8.639,11.27,0.7666,-6.722,1.2853,53.03,16.67,0.0833,4,-2.1251,2.2518,-16.508,-2.792,-1.1707,6.4606,37.49,65.66,0.743,False,1.0,False,10,2000,0.0002840211003189728,0.05403425288476113,0.6296483753341241,0.5289246657573912,1.0,False
TCN,6.833,11.277,0.606,-9.059,0.7543,46.97,14.76,0.2071,4,-1.6171,2.1187,-15.958,-2.332,-1.1189,7.633,39.53,58.06,0.724,False,1.0,False,10,2000,0.00017981700682234708,0.08391790602838832,0.45325566778910337,0.650364651453109,1.0,False
SVR,-20.908,11.21,-1.865,-18.244,-1.146,51.52,16.19,0.0548,4,-3.2442,-0.2796,-28.871,-5.514,-1.3937,-0.342,37.29,62.5,0.966,False,1.0,False,10,2000,-0.0006741456885482677,-0.14289268562093335,-1.7412895340706076,0.08163283981463806,1.0,False
