Asset,Model,Fold,Best Epoch
Gold,LSTM,1,13
Gold,GRU,1,9
Gold,BiLSTM,1,27
Gold,Transformer,1,27
Gold,TCN,1,52
Gold,CNN_LSTM,1,12
Gold,LSTM,2,15
Gold,GRU,2,38
Gold,BiLSTM,2,26
Gold,Transformer,2,25
Gold,TCN,2,40
Gold,CNN_LSTM,2,16
Gold,LSTM,3,21
Gold,GRU,3,24
Gold,BiLSTM,3,11
Gold,Transformer,3,6
Gold,TCN,3,38
Gold,CNN_LSTM,3,11
Gold,LSTM,4,27
Gold,GRU,4,16
Gold,BiLSTM,4,30
Gold,Transformer,4,30
Gold,TCN,4,65
Gold,CNN_LSTM,4,16
Gold,LSTM,5,11
Gold,GRU,5,12
Gold,BiLSTM,5,15
Gold,Transformer,5,21
Gold,TCN,5,39
Gold,CNN_LSTM,5,15
Gold,LSTM,6,19
Gold,GRU,6,12
Gold,BiLSTM,6,24
Gold,Transformer,6,8
Gold,TCN,6,44
Gold,CNN_LSTM,6,27
Gold,LSTM,7,25
Gold,GRU,7,17
Gold,BiLSTM,7,14
Gold,Transformer,7,33
Gold,TCN,7,59
Gold,CNN_LSTM,7,23
Gold,LSTM,8,16
Gold,GRU,8,20
Gold,BiLSTM,8,19
Gold,Transformer,8,22
Gold,TCN,8,42
Gold,CNN_LSTM,8,12
Gold,LSTM,9,14
Gold,GRU,9,40
Gold,BiLSTM,9,19
Gold,Transformer,9,15
Gold,TCN,9,47
Gold,CNN_LSTM,9,25
Gold,LSTM,10,15
Gold,GRU,10,24
Gold,BiLSTM,10,30
Gold,Transformer,10,22
Gold,TCN,10,51
Gold,CNN_LSTM,10,13
Silver,LSTM,1,4
Silver,GRU,1,7
Silver,BiLSTM,1,14
Silver,Transformer,1,10
Silver,TCN,1,43
Silver,CNN_LSTM,1,10
Silver,LSTM,2,28
Silver,GRU,2,11
Silver,BiLSTM,2,25
Silver,Transformer,2,29
Silver,TCN,2,44
Silver,CNN_LSTM,2,36
Silver,LSTM,3,37
Silver,GRU,3,13
Silver,BiLSTM,3,29
Silver,Transformer,3,25
Silver,TCN,3,53
Silver,CNN_LSTM,3,9
Silver,LSTM,4,18
Silver,GRU,4,16
Silver,BiLSTM,4,12
Silver,Transformer,4,22
Silver,TCN,4,50
Silver,CNN_LSTM,4,22
Silver,LSTM,5,11
Silver,GRU,5,25
Silver,BiLSTM,5,8
Silver,Transformer,5,15
Silver,TCN,5,39
Silver,CNN_LSTM,5,13
Silver,LSTM,6,19
Silver,GRU,6,10
Silver,BiLSTM,6,10
Silver,Transformer,6,16
Silver,TCN,6,41
Silver,CNN_LSTM,6,16
Silver,LSTM,7,18
Silver,GRU,7,23
Silver,BiLSTM,7,12
Silver,Transformer,7,37
Silver,TCN,7,37
Silver,CNN_LSTM,7,16
Silver,LSTM,8,18
Silver,GRU,8,20
Silver,BiLSTM,8,11
Silver,Transformer,8,8
Silver,TCN,8,45
Silver,CNN_LSTM,8,10
Silver,LSTM,9,48
Silver,GRU,9,31
Silver,BiLSTM,9,37
Silver,Transformer,9,20
Silver,TCN,9,32
Silver,CNN_LSTM,9,14
Silver,LSTM,10,58
Silver,GRU,10,26
Silver,BiLSTM,10,16
Silver,Transformer,10,19
Silver,TCN,10,42
Silver,CNN_LSTM,10,46
Copper,LSTM,1,13
Copper,GRU,1,9
Copper,BiLSTM,1,23
Copper,Transformer,1,13
Copper,TCN,1,77
Copper,CNN_LSTM,1,24
Copper,LSTM,2,15
Copper,GRU,2,18
Copper,BiLSTM,2,24
Copper,Transformer,2,8
Copper,TCN,2,57
Copper,CNN_LSTM,2,22
Copper,LSTM,3,21
Copper,GRU,3,11
Copper,BiLSTM,3,21
Copper,Transformer,3,5
Copper,TCN,3,53
Copper,CNN_LSTM,3,31
Copper,LSTM,4,18
Copper,GRU,4,10
Copper,BiLSTM,4,20
Copper,Transformer,4,10
Copper,TCN,4,42
Copper,CNN_LSTM,4,19
Copper,LSTM,5,26
Copper,GRU,5,18
Copper,BiLSTM,5,13
Copper,Transformer,5,18
Copper,TCN,5,36
Copper,CNN_LSTM,5,30
Copper,LSTM,6,18
Copper,GRU,6,22
Copper,BiLSTM,6,45
Copper,Transformer,6,47
Copper,TCN,6,37
Copper,CNN_LSTM,6,28
Copper,LSTM,7,11
Copper,GRU,7,19
Copper,BiLSTM,7,42
Copper,Transformer,7,19
Copper,TCN,7,37
Copper,CNN_LSTM,7,15
Copper,LSTM,8,17
Copper,GRU,8,14
Copper,BiLSTM,8,35
Copper,Transformer,8,31
Copper,TCN,8,52
Copper,CNN_LSTM,8,17
Copper,LSTM,9,11
Copper,GRU,9,22
Copper,BiLSTM,9,19
Copper,Transformer,9,21
Copper,TCN,9,43
Copper,CNN_LSTM,9,27
Copper,LSTM,10,30
Copper,GRU,10,24
Copper,BiLSTM,10,7
Copper,Transformer,10,40
Copper,TCN,10,41
Copper,CNN_LSTM,10,19
Platinum,LSTM,1,21
Platinum,GRU,1,15
Platinum,BiLSTM,1,23
Platinum,Transformer,1,21
Platinum,TCN,1,55
Platinum,CNN_LSTM,1,43
Platinum,LSTM,2,15
Platinum,GRU,2,10
Platinum,BiLSTM,2,10
Platinum,Transformer,2,20
Platinum,TCN,2,52
Platinum,CNN_LSTM,2,14
Platinum,LSTM,3,7
Platinum,GRU,3,14
Platinum,BiLSTM,3,12
Platinum,Transformer,3,12
Platinum,TCN,3,53
Platinum,CNN_LSTM,3,16
Platinum,LSTM,4,7
Platinum,GRU,4,9
Platinum,BiLSTM,4,23
Platinum,Transformer,4,19
Platinum,TCN,4,51
Platinum,CNN_LSTM,4,34
Platinum,LSTM,5,17
Platinum,GRU,5,11
Platinum,BiLSTM,5,14
Platinum,Transformer,5,11
Platinum,TCN,5,46
Platinum,CNN_LSTM,5,25
Platinum,LSTM,6,20
Platinum,GRU,6,10
Platinum,BiLSTM,6,32
Platinum,Transformer,6,8
Platinum,TCN,6,51
Platinum,CNN_LSTM,6,7
Platinum,LSTM,7,19
Platinum,GRU,7,13
Platinum,BiLSTM,7,20
Platinum,Transformer,7,11
Platinum,TCN,7,61
Platinum,CNN_LSTM,7,18
Platinum,LSTM,8,37
Platinum,GRU,8,20
Platinum,BiLSTM,8,34
Platinum,Transformer,8,11
Platinum,TCN,8,46
Platinum,CNN_LSTM,8,19
Platinum,LSTM,9,18
Platinum,GRU,9,13
Platinum,BiLSTM,9,14
Platinum,Transformer,9,17
Platinum,TCN,9,44
Platinum,CNN_LSTM,9,20
Platinum,LSTM,10,27
Platinum,GRU,10,18
Platinum,BiLSTM,10,12
Platinum,Transformer,10,13
Platinum,TCN,10,32
Platinum,CNN_LSTM,10,10
