Asset,Fold,Train Start,Train End,N Train,Test Start,Test End,N Test
Gold,1,2010-01-05,2025-07-01,3895,2025-07-02,2025-07-30,21
Gold,2,2010-01-05,2025-07-30,3916,2025-07-31,2025-08-28,21
Gold,3,2010-01-05,2025-08-28,3937,2025-08-29,2025-09-29,21
Gold,4,2010-01-05,2025-09-29,3958,2025-09-30,2025-10-28,21
Gold,5,2010-01-05,2025-10-28,3979,2025-10-29,2025-11-26,21
Gold,6,2010-01-05,2025-11-26,4000,2025-11-28,2025-12-29,21
Gold,7,2010-01-05,2025-12-29,4021,2025-12-30,2026-01-29,21
Gold,8,2010-01-05,2026-01-29,4042,2026-01-30,2026-03-02,21
Gold,9,2010-01-05,2026-03-02,4063,2026-03-03,2026-03-31,21
Gold,10,2010-01-05,2026-03-31,4084,2026-04-01,2026-04-30,21
Silver,1,2010-01-05 00:00:00,2025-07-01 00:00:00,3894,2025-07-02 00:00:00,2025-07-30 00:00:00,21
Silver,2,2010-01-05 00:00:00,2025-07-30 00:00:00,3915,2025-07-31 00:00:00,2025-08-28 00:00:00,21
Silver,3,2010-01-05 00:00:00,2025-08-28 00:00:00,3936,2025-08-29 00:00:00,2025-09-29 00:00:00,21
Silver,4,2010-01-05 00:00:00,2025-09-29 00:00:00,3957,2025-09-30 00:00:00,2025-10-28 00:00:00,21
Silver,5,2010-01-05 00:00:00,2025-10-28 00:00:00,3978,2025-10-29 00:00:00,2025-11-26 00:00:00,21
Silver,6,2010-01-05 00:00:00,2025-11-26 00:00:00,3999,2025-11-28 00:00:00,2025-12-29 00:00:00,21
Silver,7,2010-01-05 00:00:00,2025-12-29 00:00:00,4020,2025-12-30 00:00:00,2026-01-29 00:00:00,21
Silver,8,2010-01-05 00:00:00,2026-01-29 00:00:00,4041,2026-01-30 00:00:00,2026-03-02 00:00:00,21
Silver,9,2010-01-05 00:00:00,2026-03-02 00:00:00,4062,2026-03-03 00:00:00,2026-03-31 00:00:00,21
Silver,10,2010-01-05 00:00:00,2026-03-31 00:00:00,4083,2026-04-01 00:00:00,2026-04-30 00:00:00,21
Copper,1,2010-01-05 00:00:00,2025-07-01 00:00:00,3895,2025-07-02 00:00:00,2025-07-30 00:00:00,21
Copper,2,2010-01-05 00:00:00,2025-07-30 00:00:00,3916,2025-07-31 00:00:00,2025-08-28 00:00:00,21
Copper,3,2010-01-05 00:00:00,2025-08-28 00:00:00,3937,2025-08-29 00:00:00,2025-09-29 00:00:00,21
Copper,4,2010-01-05 00:00:00,2025-09-29 00:00:00,3958,2025-09-30 00:00:00,2025-10-28 00:00:00,21
Copper,5,2010-01-05 00:00:00,2025-10-28 00:00:00,3979,2025-10-29 00:00:00,2025-11-26 00:00:00,21
Copper,6,2010-01-05 00:00:00,2025-11-26 00:00:00,4000,2025-11-28 00:00:00,2025-12-29 00:00:00,21
Copper,7,2010-01-05 00:00:00,2025-12-29 00:00:00,4021,2025-12-30 00:00:00,2026-01-29 00:00:00,21
Copper,8,2010-01-05 00:00:00,2026-01-29 00:00:00,4042,2026-01-30 00:00:00,2026-03-02 00:00:00,21
Copper,9,2010-01-05 00:00:00,2026-03-02 00:00:00,4063,2026-03-03 00:00:00,2026-03-31 00:00:00,21
Copper,10,2010-01-05 00:00:00,2026-03-31 00:00:00,4084,2026-04-01 00:00:00,2026-04-30 00:00:00,21
Platinum,1,2010-01-05 00:00:00,2025-07-01 00:00:00,3893,2025-07-02 00:00:00,2025-07-30 00:00:00,21
Platinum,2,2010-01-05 00:00:00,2025-07-30 00:00:00,3914,2025-07-31 00:00:00,2025-08-28 00:00:00,21
Platinum,3,2010-01-05 00:00:00,2025-08-28 00:00:00,3935,2025-08-29 00:00:00,2025-09-29 00:00:00,21
Platinum,4,2010-01-05 00:00:00,2025-09-29 00:00:00,3956,2025-09-30 00:00:00,2025-10-28 00:00:00,21
Platinum,5,2010-01-05 00:00:00,2025-10-28 00:00:00,3977,2025-10-29 00:00:00,2025-11-26 00:00:00,21
Platinum,6,2010-01-05 00:00:00,2025-11-26 00:00:00,3998,2025-11-28 00:00:00,2025-12-29 00:00:00,21
Platinum,7,2010-01-05 00:00:00,2025-12-29 00:00:00,4019,2025-12-30 00:00:00,2026-01-29 00:00:00,21
Platinum,8,2010-01-05 00:00:00,2026-01-29 00:00:00,4040,2026-01-30 00:00:00,2026-03-02 00:00:00,21
Platinum,9,2010-01-05 00:00:00,2026-03-02 00:00:00,4061,2026-03-03 00:00:00,2026-03-31 00:00:00,21
Platinum,10,2010-01-05 00:00:00,2026-03-31 00:00:00,4082,2026-04-01 00:00:00,2026-04-30 00:00:00,21
