Asset,Fold,alpha,beta,persistence,loss_RMSE
Gold,1,0.04429,0.938616,0.982906,0.00607308
Gold,2,0.045582,0.935728,0.981311,0.00888744
Gold,3,0.04451,0.937438,0.981948,0.00601184
Gold,4,0.044209,0.937916,0.982125,0.0138537
Gold,5,0.049061,0.932343,0.981405,0.0109998
Gold,6,0.048593,0.931873,0.980466,0.01122824
Gold,7,0.046735,0.935726,0.982461,0.01173566
Gold,8,0.046678,0.936799,0.983477,0.02603419
Gold,9,0.051829,0.932264,0.984094,0.01541368
Gold,10,0.050564,0.935508,0.986071,0.01205044
Silver,1,0.04057,0.951004,0.991574,0.01218691
Silver,2,0.040356,0.951187,0.991543,0.00857773
Silver,3,0.040365,0.951158,0.991523,0.00905749
Silver,4,0.040309,0.951187,0.991495,0.02192209
Silver,5,0.044108,0.946816,0.990923,0.01895186
Silver,6,0.043426,0.947485,0.990911,0.02450766
Silver,7,0.044716,0.947055,0.991771,0.0349832
Silver,8,0.047669,0.944483,0.992152,0.08535455
Silver,9,0.051889,0.941293,0.993183,0.03783553
Silver,10,0.052967,0.938971,0.991938,0.02374024
Copper,1,0.052588,0.922421,0.97501,0.0284914
Copper,2,0.036922,0.952272,0.989195,0.06258606
Copper,3,0.036878,0.959467,0.996345,0.02305423
Copper,4,0.038525,0.956135,0.99466,0.01690574
Copper,5,0.039327,0.954664,0.993991,0.0117211
Copper,6,0.041184,0.951625,0.992808,0.01358537
Copper,7,0.040265,0.953323,0.993588,0.01495903
Copper,8,0.040487,0.953358,0.993845,0.01356041
Copper,9,0.040619,0.953156,0.993774,0.00959951
Copper,10,0.040851,0.952494,0.993345,0.01095355
Platinum,1,0.038268,0.957294,0.995561,0.01549273
Platinum,2,0.03824,0.957202,0.995442,0.01413648
Platinum,3,0.038644,0.956353,0.994997,0.01558841
Platinum,4,0.037507,0.958112,0.995618,0.02278182
Platinum,5,0.038853,0.95728,0.996132,0.01576997
Platinum,6,0.038371,0.95732,0.995691,0.03706096
Platinum,7,0.043569,0.953291,0.99686,0.03299092
Platinum,8,0.044227,0.952738,0.996966,0.04825892
Platinum,9,0.044835,0.952269,0.997104,0.0288806
Platinum,10,0.045182,0.951487,0.996669,0.02202197
